{
    "accuracy": 0.9563857599045513,
    "precision": 0.9562828088790132,
    "recall": 0.9563857599045513,
    "f1_score": 0.9561330072835853,
    "per_tag_accuracy": {
        ".": 0.9997918834547347,
        "ADJ": 0.9111272992169004,
        "ADP": 0.9661269177621089,
        "ADV": 0.8944529353591657,
        "CONJ": 0.9925393380358112,
        "DET": 0.987606363300037,
        "NOUN": 0.9469167904903417,
        "NUM": 0.9074782608695652,
        "PRON": 0.984433818292807,
        "PRT": 0.9120041572839078,
        "VERB": 0.945871458494102,
        "X": 0.37037037037037035
    },
    "classification_report": {
        ".": {
            "precision": 0.9794753296180508,
            "recall": 0.9997918834547347,
            "f1-score": 0.9895293350269491,
            "support": 28830.0
        },
        "ADJ": {
            "precision": 0.9095812375007575,
            "recall": 0.9111272992169004,
            "f1-score": 0.9103536119366774,
            "support": 16473.0
        },
        "ADP": {
            "precision": 0.9498380186017348,
            "recall": 0.9661269177621089,
            "f1-score": 0.9579132267697172,
            "support": 28223.0
        },
        "ADV": {
            "precision": 0.9044545454545454,
            "recall": 0.8944529353591657,
            "f1-score": 0.899425936807847,
            "support": 11123.0
        },
        "CONJ": {
            "precision": 0.9940225512837929,
            "recall": 0.9925393380358112,
            "f1-score": 0.9932803909590715,
            "support": 7372.0
        },
        "DET": {
            "precision": 0.9551325628823929,
            "recall": 0.987606363300037,
            "f1-score": 0.9710980556212372,
            "support": 27030.0
        },
        "NOUN": {
            "precision": 0.9615254045490551,
            "recall": 0.9469167904903417,
            "f1-score": 0.9541651850049596,
            "support": 53840.0
        },
        "NUM": {
            "precision": 0.9760568649457538,
            "recall": 0.9074782608695652,
            "f1-score": 0.9405191059841385,
            "support": 2875.0
        },
        "PRON": {
            "precision": 0.961351217088922,
            "recall": 0.984433818292807,
            "f1-score": 0.9727556047049362,
            "support": 9829.0
        },
        "PRT": {
            "precision": 0.901386748844376,
            "recall": 0.9120041572839078,
            "f1-score": 0.9066643705872223,
            "support": 5773.0
        },
        "VERB": {
            "precision": 0.9732856899778799,
            "recall": 0.945871458494102,
            "f1-score": 0.959382774718363,
            "support": 36284.0
        },
        "X": {
            "precision": 0.718562874251497,
            "recall": 0.37037037037037035,
            "f1-score": 0.48879837067209775,
            "support": 324.0
        },
        "accuracy": 0.9563857599045513,
        "macro avg": {
            "precision": 0.9320560870832297,
            "recall": 0.9015599660774877,
            "f1-score": 0.9119904973994347,
            "support": 227976.0
        },
        "weighted avg": {
            "precision": 0.9562828088790132,
            "recall": 0.9563857599045513,
            "f1-score": 0.9561330072835853,
            "support": 227976.0
        }
    }
}