{
    "accuracy": 0.9879141960237182,
    "precision": 0.9878079183173469,
    "recall": 0.9879141960237182,
    "f1_score": 0.987797255283531,
    "per_tag_accuracy": {
        ".": 0.9999866400893511,
        "ADJ": 0.9161051417471013,
        "ADP": 0.9852248166389115,
        "ADV": 0.9338308010428841,
        "CONJ": 0.9944384156266957,
        "DET": 0.9950795412504625,
        "NOUN": 0.9644687964338782,
        "NUM": 0.8932173913043479,
        "PRON": 0.9871807915352528,
        "PRT": 0.9445695478953751,
        "VERB": 0.9639786131628266,
        "X": 0.25
    },
    "classification_report": {
        ".": {
            "precision": 0.9999412190631922,
            "recall": 0.9999866400893511,
            "f1-score": 0.9999639290604856,
            "support": 374254.0
        },
        "ADJ": {
            "precision": 0.9162720097146326,
            "recall": 0.9161051417471013,
            "f1-score": 0.9161885681328356,
            "support": 16473.0
        },
        "ADP": {
            "precision": 0.9805345934127936,
            "recall": 0.9852248166389115,
            "f1-score": 0.9828741096834627,
            "support": 28223.0
        },
        "ADV": {
            "precision": 0.9435864825581395,
            "recall": 0.9338308010428841,
            "f1-score": 0.9386832949256698,
            "support": 11123.0
        },
        "CONJ": {
            "precision": 0.996736913664174,
            "recall": 0.9944384156266957,
            "f1-score": 0.9955863380186053,
            "support": 7372.0
        },
        "DET": {
            "precision": 0.9946379705643074,
            "recall": 0.9950795412504625,
            "f1-score": 0.9948587069093061,
            "support": 27030.0
        },
        "NOUN": {
            "precision": 0.9569327731092437,
            "recall": 0.9644687964338782,
            "f1-score": 0.9606860060682306,
            "support": 53840.0
        },
        "NUM": {
            "precision": 0.9469026548672567,
            "recall": 0.8932173913043479,
            "f1-score": 0.9192768927868266,
            "support": 2875.0
        },
        "PRON": {
            "precision": 0.9929390094146541,
            "recall": 0.9871807915352528,
            "f1-score": 0.9900515279832661,
            "support": 9829.0
        },
        "PRT": {
            "precision": 0.9503311258278145,
            "recall": 0.9445695478953751,
            "f1-score": 0.9474415776214056,
            "support": 5773.0
        },
        "VERB": {
            "precision": 0.9637661192549322,
            "recall": 0.9639786131628266,
            "f1-score": 0.9638723544973545,
            "support": 36284.0
        },
        "X": {
            "precision": 0.6864406779661016,
            "recall": 0.25,
            "f1-score": 0.3665158371040724,
            "support": 324.0
        },
        "accuracy": 0.9879141960237182,
        "macro avg": {
            "precision": 0.9440851291181036,
            "recall": 0.9023400413939239,
            "f1-score": 0.9146665952326267,
            "support": 573400.0
        },
        "weighted avg": {
            "precision": 0.9878079183173469,
            "recall": 0.9879141960237182,
            "f1-score": 0.987797255283531,
            "support": 573400.0
        }
    }
}